,Address,Lat,Lng
0,7947 Claremont DR,32.798551,-96.711084
1,9833 Walnut Street,32.923402,-96.713412
2,9825 Walnut Street,32.923402,-96.713412
3,9809 Walnut Street,32.923402,-96.713412
4,9805 Walnut Street,32.923402,-96.713412
5,9815 Walnut Street,32.923402,-96.713412
6,8600 Coppertowne Lane,32.898268,-96.723469
7,6215 Teague Drive,32.670169,-96.77937
8,2824 Belknap Avenue,32.71301,-96.797069
9,3615 Dutton Drive,32.725778,-96.879679
10,1122 Jackson Street,32.778393,-96.801314
11,6102 Summer Creek Circle,32.862902,-96.757014
12,12146 Willowdell Drive,32.915288,-96.764139
13,4242 N Capistrano Drive,33.00578,-96.836348
14,2962 Housley Drive,32.851336,-96.662742
15,2962 Housley DR,32.851336,-96.662742
16,2820 Linfield Road,32.70736,-96.772001
17,2919 Gus Thomasson Road,32.835133,-96.665163
18,3035 Newcastle Drive,32.880313,-96.875368
19,2507 S Vernon Avenue,32.721298,-96.837144
20,9835 Whistler Drive,32.686744,-96.651386
21,5200 Martel Avenue,32.831307,-96.778953
22,2150 Lovedale Avenue,32.829296,-96.854744
23,4834 Fallon Place,32.783661,-96.709586
24,1407 Glenfield Avenue,32.718839,-96.844566
25,1627 Wilbur Street,32.722586,-96.847349
26,13911 Preston Valley Place,32.93841,-96.806153
27,9752 Burney Drive,32.920543,-96.719499
28,11232 Lanewood Circle,32.856488,-96.688194
29,2217 Kirby Street,32.808087,-96.782366
30,5015 Manett Street,32.814636,-96.783213
31,4611 Travis Street,32.824229,-96.790203
32,9703 Robin Hill Circle,32.880155,-96.713255
33,9723 Lanward Circle,32.879673,-96.703449
34,1632 Vaughan Court,32.754036,-96.847126
35,17201 Meadow Tree Circle,32.980706,-96.826767
36,202 S Edgefield Avenue,32.74397,-96.843877
37,180 S Cisco Street,32.792658,-96.764512
38,7001 Vivian Avenue,32.804953,-96.737206
39,10849 Scotspring Lane,32.859313,-96.698038
40,7704 Queens Garden Drive,32.981762,-96.773942
41,9591 Highedge Drive,32.877661,-96.724113
42,9118 Rock Daisy Court,32.883656,-96.736012
43,6858 Meadowcreek Drive,32.941956,-96.787015
44,9515 Moss Haven Drive,32.889805,-96.742698
45,6230 Joyce Way,32.878893,-96.798443
46,5331 Emerson Avenue,32.846589,-96.820064
47,5122 Horseshoe Trail,32.859547,-96.823533
48,5001 Bowser Avenue,32.823969,-96.818207
49,2121 Lolita Drive,32.749553,-96.680507
50,2627 Douglas Avenue,32.809749,-96.817319
51,8550 Fair Oaks Crossing,32.897032,-96.727856
52,3700 Hancock Street,32.76239,-96.742141
53,10121 Stebbins Street,32.716214,-96.649186
54,5550 Spring Valley Road,32.938982,-96.81258
55,12888 Montfort Drive,32.92394,-96.810621
56,4117 Pampas Street,32.731641,-96.888481
57,5335 Bent Tree Forest Drive,32.965634,-96.816548
58,8615 Files Street,32.728355,-96.671777
59,511 Glencairn Drive,32.655699,-96.829657
60,3038 Marjorie Avenue,32.702058,-96.769321
61,7706 Meadow Road,32.886296,-96.774511
62,1816 Peabody Avenue,32.762224,-96.774011
63,5051 N Hall Street,32.822027,-96.820232
64,1920 Oak Hill Circle,32.745204,-96.671434
65,5881 Preston View Boulevard,32.935616,-96.806251
66,7640 W Greenway Boulevard,32.848976,-96.817771
67,1619 Mcadams Avenue,32.716934,-96.84688
68,4105 Hamilton Avenue,32.774983,-96.75142
69,1811 Goldwood Drive,32.657227,-96.847074
70,5808 Sandhurst Lane,32.843455,-96.766479
71,2720 E Atoll Drive,32.714189,-96.799074
72,9826 Amberton Parkway,32.92225,-96.738427
73,406 Penguin Drive,32.679719,-96.819043
74,3919 Kenilworth Street,32.766034,-96.742665
75,6234 Bandera Avenue,32.86721,-96.799408
76,17820 Windflower Way,32.995321,-96.801804
77,1926 Berwick Avenue,32.726761,-96.797319
78,4102 Buena Vista Street,32.815576,-96.795411
79,11364 Lanewood Circle,32.856487,-96.684124
80,9307 Sandyhook Circle,32.758666,-96.662961
81,804 Cameron Avenue,32.802103,-96.744184
82,2639 Crest Ridge Drive,32.830558,-96.668785
83,2727 Reagan Street,32.80847,-96.813208
84,4144 Pluto Street,32.79235,-96.890744
85,100 N Hampton Road,32.745218,-96.856493
86,2119 Highwood Drive,32.829759,-96.681737
87,3531 Burlingdell Avenue,32.737234,-96.878589
88,1530 S Montreal Avenue,32.728055,-96.854045
89,4319 Bowser Avenue,32.81794,-96.811246
90,2340 Peavy Place,32.824017,-96.682799
91,5200 Keller Springs Road,32.967605,-96.818464
92,2435 Hillsboro Avenue,32.816262,-96.673644
93,17928 Brent Drive,32.995416,-96.861719
94,2121 Kessler Court,32.763203,-96.845482
95,8949 Boundbrook Avenue,32.898765,-96.757416
96,12618 Trenton Drive,32.920939,-96.718024
97,2504 Kingsridge Drive,32.992915,-96.870083
98,2360 Peavy Place,32.823806,-96.68375
99,10660 Longmeadow Drive,32.875653,-96.700839
100,8634 Lockhaven Drive,32.867192,-96.707423
101,8783 Oak Stream,32.897585,-96.721575
102,9747 E Lake Highlands Drive,32.846442,-96.704463
103,6226 La Cosa DR,31.81933,-92.32986
104,11060 Wallbrook Drive,32.875262,-96.691847
105,3928 Walden Way,33.000024,-96.845096
106,6720 Natures Way,32.685089,-96.936217
107,4103 Country Brook Drive,32.998296,-96.839854
108,3139 Whirlaway Road,32.882124,-96.870285
109,8105 Claremont Drive,32.801492,-96.708781
110,3501 Dickason Avenue,32.805949,-96.806996
111,10315 Cromwell Drive,32.886426,-96.862768
112,9102 Summer Glen,32.895062,-96.747325
113,3228 Altman Drive,32.889301,-96.871604
114,10211 Carry Back Circle,32.885213,-96.873901
115,917 N Beckley Avenue,32.754503,-96.823174
116,915 N Beckley Avenue,32.754369,-96.823175
117,909 N Beckley Avenue,32.754247,-96.823194
118,112 W 5 th Street,32.754502,-96.823483
119,4962 Fuqua Street,32.80987,-96.779302
120,6218 Reiger Avenue,32.808239,-96.748621
121,10619 Lakemere Drive,32.875261,-96.702521
122,10548 Wyatt Street,32.84858,-96.695103
123,3836 Antigua Drive,32.919229,-96.849789
124,1771 McCoy Street,32.796379,-96.789036
125,4060 Travis Street,32.814603,-96.794611
126,4931 Jack Court,32.807422,-96.776399
127,4319 Firebrick Lane,32.999155,-96.835619
128,1520 San Saba Drive,32.823229,-96.701029
129,118 N Winnetka Avenue,32.745866,-96.841282
130,7138 Tabor Drive,32.877522,-96.736913
131,6926 Vivian Avenue,32.804123,-96.737317
132,7606 Kevin Drive,32.982554,-96.777127
133,2055 Angelina Drive,32.790663,-96.855682
134,4029 Bowser Avenue,32.815187,-96.807857
135,7610 Dunoon Avenue,32.979081,-96.776488
136,5227 Homer Street,32.818336,-96.782991
137,7845 Blackbird Lane,32.86466,-96.726851
138,818 Cordova Street,32.803073,-96.742277
139,6406 La Manga Drive,31.81933,-92.32986
140,2813 State Street,32.796853,-96.798807
141,5616 Willow Wood Lane,33.011166,-96.812351
142,8914 Santa Clara Drive,32.822714,-96.706424
143,10746 Royal Springs Drive,32.894507,-96.844451
144,5505 Ellsworth Avenue,32.833932,-96.773713
145,8110 San Cristobal Drive,32.807251,-96.71753
146,5827 Morningside Avenue,32.829184,-96.766745
147,5806 Royal Crest Drive,32.898729,-96.810176
148,5935 Royal Crest Drive,32.89972,-96.805921
149,6122 Richmond Avenue,32.815879,-96.760639
150,6243 Monticello Avenue,32.826869,-96.756359
151,1 Royal Way,32.894603,-96.810646
152,4228 Glenaire Drive,32.895267,-96.836623
153,4612 Live Oak Street,32.800633,-96.774348
154,6882 Avalon Avenue,32.818011,-96.740335
155,5334 Morningside Avenue,32.828841,-96.778177
156,5301 Merrimac Avenue,32.8276,-96.779735
157,6664 Yosemite Lane,32.837383,-96.745433
158,9231 Moss Haven Drive,32.8927,-96.744621
159,3739 Vinecrest Drive,32.89845,-96.854311
160,4748 Hallmark Drive,32.905113,-96.824904
161,8510 Catawba Road,32.857439,-96.835062
162,7602 Roper Street,32.848541,-96.829754
163,7007 Inwood Road,32.842683,-96.821961
164,16118 Ranchita Drive,32.968937,-96.799907
165,16208 Ranchita Drive,32.969496,-96.799556
166,14140 Valley Creek Drive,32.941749,-96.778976
167,2119 Madera Street,32.813767,-96.776043
168,22 Vanguard Way,32.903054,-96.763533
169,6506 Barnsbury Court,32.979272,-96.794866
170,6725 Gaston Avenue,32.816654,-96.745484
171,7021 Stone Meadow Drive,32.915337,-96.783025
172,6711 Aberdeen Avenue,32.882492,-96.789538
173,112 W 5th Street,32.754502,-96.823483
174,6630 Northport Drive,32.890104,-96.79023
175,7219 Marquette Street,32.861592,-96.782039
176,6823 Northport Drive,32.890697,-96.787425
177,4110 Cochran Chapel,32.860136,-96.841678
178,1747 Leonard Street,32.789716,-96.796869
179,2060 Echo Lake Drive,32.678918,-96.613333
180,6646 E Lovers LN 1501,32.854909,-96.745143
181,5325 Bent Tree Forest Drive,32.965458,-96.8182
182,8555 Fair Oaks Crossing,32.896011,-96.72844
183,10427 Benbrook Drive,32.836583,-96.669091
184,13753 Biggs Street,32.680785,-96.592005
185,4777 Cedar Springs Road,32.818471,-96.82138
186,5300 Keller Springs Road,32.967637,-96.816537
187,1945 New Haven Drive,32.746263,-96.646928
188,9222 Church Road,32.885031,-96.732607
189,11302 Castolon Drive,32.848728,-96.677874
190,150 Buttercup Lane,33.547837,-85.175921
191,1337 Kingsley Drive,32.684858,-96.802634
192,14277 Preston Road,32.943501,-96.804582
193,3883 Turtle Creek Boulevard,32.815585,-96.799389
194,5757 E University Boulevard,32.84669,-96.768683
195,4605 Cedar Springs Road,32.817012,-96.820299
196,9202 Firelog Lane,32.922051,-96.737636
197,7616 Texridge Drive,32.656176,-96.823803
198,11812 Flamingo Lane,32.856335,-96.677469
199,9721 Smokefeather Lane,32.920941,-96.738452
200,10938 Desdemona Drive,32.846163,-96.678518
201,4031 Holland Avenue,32.815869,-96.807056
202,7702 Ike Avenue,32.653749,-96.821945
203,2436 Oak Dale Road,32.676182,-96.781097
204,4242 Buena Vista Street,32.818763,-96.793797
205,6903 Sammy Circle,32.665117,-96.885884
206,6131 Lewisburg Lane,32.672669,-96.889833
207,9963 Constance Street,32.87869,-96.860029
208,9209 Sweetwater Drive,32.810805,-96.690283
209,3139 Dusty Oak Drive,32.766495,-96.668087
210,9246 Emberglow Lane,32.916552,-96.736977
211,4920 Hollow Ridge Road,32.780134,-96.705016
212,9408 Thornberry Lane,32.86364,-96.846376
213,1511 Matagorda Drive,32.674011,-96.844878
214,1323 Saint Joseph Street,34.05013,-77.893075
215,6314C Bandera Avenue,32.867211,-96.797707
216,6211 W Northwest Highway,32.781179,-96.790329
217,4107 Bowser Avenue,32.815637,-96.808542
218,6830 Prairie Flower Trail,32.778342,-96.701348
219,3190 Lockmoor Lane,32.878766,-96.871528
220,2427 Catherine Street,32.738437,-96.857982
221,4325 Bowser Avenue,32.818138,-96.811473
222,2710 Kimsey Drive,32.824799,-96.83661
223,4017 Buena Vista Street,32.814111,-96.796887
224,7603 Kenwell Street,32.848547,-96.827705
225,1725 Bennett Avenue,32.807569,-96.776467
226,3251 Leahy Drive,32.896376,-96.867622
227,2812 Alden Avenue,32.741953,-96.866087
228,1529 Seegar Street,32.768817,-96.787088
229,9612 Ferndale Road,32.877146,-96.708197
230,3847 Stockton Lane,32.999692,-96.847248
231,1500 Pecos Street,32.79626,-96.784572
232,2638 Alco Avenue,32.746539,-96.861967
233,6226 La Cosa Drive,31.81933,-92.32986
234,3227 Citation Drive,32.883196,-96.868
235,3715 Valley Ridge Road,32.877831,-96.855452
236,2323 N Houston Street,32.785836,-96.809111
237,409 S Rosemont Avenue,32.74156,-96.848232
238,1914 Euclid Avenue,32.813479,-96.773356
239,1823 Naylor Street,32.832078,-96.686837
240,2015 Kidwell Street,32.81491,-96.754457
241,3024 Zenia Drive,32.79528,-96.79164
242,10426 Royalwood Drive,32.883447,-96.704956
243,2828 Hood Street,32.805223,-96.809067
244,3924 Belton Drive,33.001644,-96.845323
245,7036 Winchester Street,32.8624,-96.74073
246,6907 Middle Cove Drive,32.970566,-96.788501
247,6035 Ellsworth Avenue,32.834332,-96.762682
248,6054 Winton Street,32.835463,-96.761902
249,7952 Minglewood Lane,32.889032,-96.761476
250,6558 Laurel Valley Road,32.96649,-96.794061
251,2411 N Hall Street,32.800233,-96.795408
252,2417 Thatcher Drive,32.813827,-96.779925
253,5331 Holland Avenue,32.82763,-96.820472
254,3390 Northaven Road,32.90162,-96.863576
255,2217 Annex Avenue,32.807389,-96.783453
256,3999 Goodfellow Drive,32.909199,-96.843646
257,4030 Travis Street,32.81391,-96.794869
258,2411 Hall Street,32.800233,-96.795408
259,10006 Milltrail Drive,32.891179,-96.714903
260,4211 Rawlins Street,32.814675,-96.812017
261,9634 Shoreview Road,32.865262,-96.720611
262,5120 Vandelia Street,32.822031,-96.822495
263,6726 Crestland Avenue,32.989692,-96.787475
264,7103 Nicki Court,32.994869,-96.780979
265,6811 Ledyard Drive,32.978096,-96.790021
266,7331 Roundrock Road,32.956834,-96.780143
267,4914 Reiger Avenue,32.796375,-96.763943
268,4222 Meadowdale Lane,32.889866,-96.83741
269,11727 Welch Road,32.908901,-96.829976
270,5522 W Amherst Avenue,32.851931,-96.818112
271,4408 Mill Run Road,32.923816,-96.834085
272,3911 Gilbert Avenue,32.815303,-96.804505
273,6538 Trammel Drive,32.845292,-96.747781
274,7121 Lakehurst Avenue,32.884675,-96.781519
275,4324 Twin Post Road,32.919176,-96.835589
276,6159 Ellsworth Avenue,32.834334,-96.75905
277,9610 Lanshire Drive,32.868162,-96.720094
278,5926 Flintshire LN,33.003317,-96.804402
279,5926 Flintshire Lane,33.003317,-96.804402
280,12526 Sunlight Drive,32.919255,-96.801386
281,7127 Casa Loma Avenue,32.812144,-96.734163
282,3401 Lee Parkway,32.809908,-96.804427
283,2700 Thomas Avenue,32.795427,-96.798116
284,9535 Fieldcrest Drive,32.876039,-96.722084
285,6217 Ellsworth Avenue,32.83404,-96.757493
286,7139 Midcrest Drive,32.946882,-96.780765
287,5327 Vanderbilt Avenue,32.82477,-96.778758
288,11316 Valleydale Drive,32.903486,-96.772275
289,13 Lakeside Park,32.860017,-96.771941
290,4719 Junius Street,32.798157,-96.770202
291,6323 Royalton,32.781179,-96.790329
292,5922 Joyce Way,32.878499,-96.805783
293,4129-4133 Herschel Avenue,32.820965,-96.80557
294,4129-33 Herschel Avenue,32.820966,-96.805692
295,5510 Lindenshire Lane,32.912378,-96.814171
296,2430 Victory Park Lane,32.78779,-96.808977
297,4420 Ridge Road,32.883177,-96.833654
298,1810 N Garrett Avenue,32.809049,-96.775039
299,4228 Copeland Street,32.770841,-96.744032
300,11655 Audelia Road,32.907828,-96.718881
301,5550 Spring Valley,32.938982,-96.81258
302,4859 Cedar Springs Road,32.819319,-96.822539
303,2915 Marburg Street,32.758689,-96.752879
304,4748 Old Bent Tree Lane,33.001202,-96.827357
305,15221 Berry Trail,32.954166,-96.801614
306,15909 Stillwood Drive,32.965357,-96.806046
307,11348 Park Central Place,32.904804,-96.770896
308,2245 E Overton Road,32.708051,-96.792481
309,1310 Mentor Avenue,32.688919,-96.805313
310,2529 Fenwick Drive,32.84219,-96.669706
311,7311 Hardwood Trail,32.63706,-96.95016
312,9419 Eddy Sass Court,32.775465,-96.661344
313,4414 Cedar Springs Road,32.815604,-96.816429
314,4000 Hamilton Avenue,32.773984,-96.7518
315,9129 Laneyvale Avenue,32.727485,-96.66228
316,2668 Healey Drive,32.824868,-96.668316
317,2730 Emmett Street,32.732711,-96.864954
318,11333 Dumbarton Drive,32.849622,-96.654186
319,13216 Meandering Way,32.928288,-96.774573
320,5132 Westgrove,32.781179,-96.790329
321,7130 Rolling Fork Drive,32.790802,-96.690053
322,2970 Sundial Drive,32.901004,-96.878447
323,130 Appian Way,32.730571,-96.8212
324,2512 Springhill Drive,32.814302,-96.697175
325,12323 High Meadow Drive,32.916009,-96.859111
326,1318 Melbourne Avenue,32.723035,-96.844112
327,4310 Rosser Square,32.920653,-96.84535
328,2415 Stutz Drive,32.822317,-96.839391
329,2030 Trinidad Drive,32.672868,-96.851782
330,3236 Tower Trail,32.905439,-96.86888
331,6735 Webster Street,32.840753,-96.833517
332,406 S Montreal Avenue,32.742044,-96.853795
333,4123 Lawngate Drive,33.003239,-96.839931
334,3908 Kiestmeadow Drive,32.709388,-96.884244
335,874 Peavy Road,32.845412,-96.705817
336,1402 Seevers Avenue,32.730395,-96.821302
337,10638 Sandpiper Lane,32.891016,-96.779469
338,928 Stillmeadow Road,32.675144,-96.838558
339,2529 Fenestra Drive,32.806151,-96.698154
340,2220 Canton Street,32.780183,-96.788467
341,3511 Dickason Avenue,32.805968,-96.807404
342,1826 Mapleton Drive,32.822542,-96.684761
343,5030 Pershing Street,32.817652,-96.786686
344,7209 Bennington Drive,32.851067,-96.739078
345,634 Bizerte Avenue,32.726521,-96.833486
346,6024 Victor Street,32.807247,-96.752033
347,628 Blanning Drive,32.851879,-96.705927
348,418 S Willomet Avenue,32.741755,-96.840167
349,3957 High Summit Drive,32.919006,-96.847686
350,7714 Caillet Street,32.849965,-96.824513
351,4411 Sexton Lane,32.887045,-96.834165
352,4924 Forest Bend Road,32.922838,-96.824268
353,5605 Northaven Road,32.902525,-96.811526
354,12231 Snow White Drive,32.915576,-96.843544
355,1066 N Buckner Boulevard,32.8365,-96.704411
356,8711 San Leandro Drive,32.81878,-96.70513
357,7631 Meadow Road,32.886758,-96.775341
358,4725 Manett Street,32.811887,-96.785154
359,7943 Xavier Court,32.807127,-96.722809
360,6135 Belmont Avenue,32.817491,-96.760169
361,8258 Vitex Avenue,33.056756,-96.730831
362,8226 Vitex Avenue,33.056756,-96.730831
363,8242 Vitex Avenue,33.056756,-96.730831
364,8016 Cool River Drive,33.146336,-96.856347
365,10005 Ashmont Drive,33.110108,-96.793343
366,949 Imperial Valley Lane,33.133072,-96.902123
367,12350 Flowering Drive,33.179873,-96.766849
368,2079 Alcove Drive,33.106488,-96.872958
369,3 Southern Hills Court,33.097608,-96.842234
370,16492 Creek Plum Road,32.796608,-96.954903
371,11707 Coronado Trail,39.558929,-106.133183
372,4151 Castle Bank Lane,33.16393,-96.852086
373,10313 BURGUNDY Drive,33.134644,-96.79166
374,9152 Apollo Court,33.154037,-96.852357
375,15738 Durango Drive,33.178376,-96.738276
376,9581 Magnolia Road,33.155543,-96.819884
377,1692 Dowelling Court,33.150839,-96.876794
378,15833 Rockingham Street,33.15735,-96.9186
379,1924 Dexter Lane,33.136018,-96.909514
380,11566 Caladium Lane,33.173277,-96.753868
381,9629 Planters Row Drive,33.15876,-96.886331
382,10196 Ferry Farm Lane,33.177484,-96.791652
383,1946 Countryside Drive,33.128747,-96.873776
384,5498 Balmoral Drive,33.099011,-96.840274
385,8260 Fairview Drive,33.157939,-96.81169
386,13761 Stallion Heights Lane,33.190791,-96.776374
387,13942 Badger Creek Drive,33.194335,-96.874422
388,698 Caveson Drive,33.151221,-96.896234
389,15199 Mountain Creek Trail,33.136842,-96.741038
390,11761 Orange Court,33.175402,-96.775796
391,1745 Evening Star Road,32.920435,-96.985989
392,3331 Cedar Creek Trail,33.140675,-96.860353
393,11248 Tavern Creek Court,33.114752,-96.78191
394,10229 Fire Ridge Drive,33.164542,-96.863466
395,5627 Miramar Drive,33.100117,-96.839022
396,12858 Palo Duro Drive,33.185024,-96.842612
397,5951 Beacon Hill Drive,33.127983,-96.881347
398,13272 Ignatius Drive,33.135091,-96.762804
399,12977 Railhead Court,33.186301,-96.853819
400,4171 Mission Avenue,33.142295,-96.852491
401,5111 Stillwater Trail,33.120651,-96.842765
402,5125 Normandy Drive,33.111368,-96.843326
403,12262 Genova Court,33.179841,-96.799036
404,7 Harbour Town Court,33.096489,-96.843536
405,6006 Connely Drive,33.129076,-96.81576
406,12684 Riverhill Road,33.183121,-96.851068
407,6203 Sweeney Trail,33.130072,-96.833879
408,9805 Concord Drive,33.13468,-96.797119
409,2249 Lariat Trail,33.133014,-96.9218
410,13160 Guerin Drive,33.187186,-96.793222
411,7297 Chinquapin Drive,33.170906,-96.82066
412,6848 Regello Drive,33.125764,-96.824733
413,9758 Golden Fountain Drive,33.158524,-96.854304
414,2450 Thorntree Drive,33.171951,-96.869568
415,12506 Melrose Lane,33.133286,-96.768317
416,5904 Louisville Drive,33.127181,-96.776795
417,12732 Hollister Drive,33.184245,-96.859618
418,2910 Reynolds Lane,33.181553,-96.863862
419,15833 Rockingham ST,33.15735,-96.9186
420,9812 Adolphus DR,33.121274,-96.79452
421,7601 Blossom Lane,33.14437,-96.818086
422,12004 Rushing Creek Drive,33.120595,-96.773563
423,9991 Slick Rock Trail,33.161065,-96.867143
424,9569 Lance DR,33.193741,-96.798193
425,9569 Lance Drive,33.193741,-96.798193
426,12299 Antler Drive,33.190451,-96.772382
427,11025 Villita Street,33.198636,-96.784223
428,1090 Frisco Ranch Road,32.825907,-96.966915
429,1690 Foard Drive,33.093513,-96.838002
430,7152 Maumee Valley Court,33.138649,-96.904151
431,2397 Mackinac Drive,33.190411,-96.869839
432,6341 Lorwood Drive,33.131016,-96.738645
433,9547 Amberwoods Lane,33.194572,-96.798247
434,1403 Crockett Drive,33.160585,-96.879541
435,15692 Atkins Lane,33.170054,-96.735571
436,5358 Moss Glen Drive,33.124186,-96.841922
437,6198 Rachel Drive,33.131416,-96.834231
438,3499 Cedar Cottage Circle,33.107933,-96.875581
439,7380 Calla Lilly Lane,33.139518,-96.858607
440,6756 Stallion Ranch Road,33.135504,-96.878035
441,6281 Memorial Drive,33.131286,-96.814133
442,8400 Hickory Street,33.147931,-96.808882
443,13959 Stevens Point Drive,33.194678,-96.872966
444,11708 Beach Street,33.138896,-96.929214
445,9413 Prestmont Place,33.111074,-96.800081
446,4042 Guadalupe Lane,33.116636,-96.853949
447,7927 Canal Street,33.144065,-96.852624
448,2649 Marshall Drive,33.15882,-96.867442
449,11564 Santa Maria Road,33.1938,-96.778496
450,13714 French Creek Lane,33.191394,-96.76999
451,13767 Monstrell Road,33.191574,-96.793783
452,8326 Sitka Street,33.146723,-96.799221
453,11777 Estacado Drive,33.176547,-96.877195
454,2771 Barnhill Lane,33.125252,-96.866189
455,14694 Mediterranean Drive,33.199321,-96.798513
456,10923 Chilmark Court,33.181502,-96.785332
457,5611 Lightfoot Lane,33.125376,-96.885696
458,1567 San Andres Drive,33.177347,-96.877449
459,14121 Berryfield Lane,33.157654,-96.754397
460,13162 Ignatius Drive,33.135164,-96.763573
461,984 Havenbrook Lane,33.125005,-96.88383
462,4849 Northshore Drive,33.113979,-96.845878
463,4520 Florence Drive,33.1123,-96.849238
464,5733 Travis Drive,33.096267,-96.838065
465,3050 Briarwood Lane,33.10487,-96.834199
466,6440 Memorial Drive,33.1328,-96.816156
467,5205 Mosscreek Lane,33.121378,-96.774714
468,12018 Chattanooga Drive,33.130176,-96.772792
469,638 Enfield Drive,33.151158,-96.886641
470,10045 Bell Rock Road,33.138019,-96.794839
471,9706 Prestmont Place,33.111513,-96.797436
472,5871 Rivendell Drive,33.126914,-96.791199
473,561 Meandering Lane,33.209604,-96.886503
474,12886 Five Bar Drive,33.132233,-96.766493
475,3749 Marble Hill Road,33.012135,-96.534936
476,6259 Loxton Boulevard,33.146336,-96.856347
477,5964 Burkett Drive,33.126757,-96.840964
478,11821 Summer Springs Drive,33.1368,-96.927885
479,12502 Melrose Lane,33.13324,-96.768621
480,12144 Cardinal Creek Drive,33.179413,-96.881424
481,11911 Chattanooga Drive,33.129748,-96.774125
482,8500 Beartooth Drive,33.149016,-96.876343
483,8212 Wharf Street,33.147269,-96.77854
484,2138 Mustang Trail,33.163834,-96.872469
485,14157 Salmon Drive,33.171829,-96.753845
486,8550 Holly Street,33.146393,-96.811711
487,9617 Robinwoods Drive,33.196219,-96.797572
488,10204 Fire Ridge Drive,33.164319,-96.862908
489,8312 Kara Creek Road,33.147779,-96.88664
490,2387 Alcove Drive,33.173078,-96.92873
491,9651 Vita Dolce Drive,33.179807,-96.797399
492,2766 Sparks Drive,33.151195,-96.867197
493,4408 Ripplewood Road,33.115277,-96.782276
494,9704 Legend Trail,33.140675,-96.797651
495,16405 Prairie Oak Road,32.664953,-97.024692
496,12709 Grand Valley Drive,33.183786,-96.859177
497,6797 Reims Court,33.133847,-96.813706
498,11800 Kurth Drive,33.141152,-96.929033
499,10100 Oxbow Avenue,33.161035,-96.759316
500,774 Caveson Drive,33.151232,-96.897086
501,10744 Manuel Street,33.167148,-96.762893
502,11371 Pear Ridge Drive,33.138588,-96.781093
503,15812 Langsdale Street,33.156789,-96.917779
504,9657 Stratton Drive,33.206115,-96.796912
505,6468 Stallion Ranch Road,33.133101,-96.875827
506,14040 Raspberry Lane,33.171428,-96.754667
507,5270 Town and Country Boulevard,32.378061,-96.166077
508,13327 Terlingua Creek Drive,33.019843,-96.698886
509,7134 Calypso Lane,33.146336,-96.856347
510,9040 3rd Street,33.152276,-96.825683
511,8256 Short Street,33.146376,-96.831924
512,2396 Beachfront Drive,33.142045,-96.913251
513,4920 Baton Rouge Boulevard,33.119597,-96.787096
514,11498 La Grange Drive,33.176209,-96.778662
515,11302 Tenison Lane,33.170502,-96.868865
516,12513 Flowering Drive,33.180792,-96.767436
517,1317 Alamo Court,33.176473,-96.879979
518,13378 Chittamwood Lane,33.181662,-96.759207
519,12923 Yale Court,33.14294,-96.765881
520,15867 Christopher Lane,33.170813,-96.734899
521,1057 Gentle Wind Lane,33.118865,-96.883205
522,9823 Gristmill Lane,33.107277,-96.797141
523,8443 Wild Rye Road,33.146035,-96.742286
524,5459 Widgeon Way,33.124039,-96.828434
525,4734 Heritage Oaks Drive,33.117612,-96.837405
526,5855 Arminta Avenue,33.116895,-96.835981
527,15 Riva Ridge,33.099853,-96.833487
528,11995 Westlawn Lane,33.176647,-96.861969
529,2260 Lariat TRL,33.133665,-96.922383
530,6508 Liberty Court,33.132282,-96.771123
531,8234 Robertson DR,33.146847,-96.866856
532,8514 Brown Stone Lane,33.17335,-96.807904
533,4184 Republic DR,33.114606,-96.852745
534,11322 Raveneaux Drive,33.171308,-96.864719
535,5356 Highflyer Hills Trail,33.1233,-96.88302
536,3823 Broadmoor Way,33.178424,-96.854746
537,15608 Cornwallis Street,33.158276,-96.915917
538,2260 Lariat Trail,33.133665,-96.922383
539,9500 Crossvine Lane,33.115768,-96.79951
540,1515 Courtland Drive,33.111156,-96.871708
541,5001 Hidden Pond Drive,33.1428,-96.918306
542,6512 Clydesdale Court,33.131575,-96.836901
543,3805 Moorcroft Road,33.157795,-96.922806
544,1070 Imperial Valley Lane,33.132797,-96.903294
545,10108 Preston Vineyard Drive,33.136664,-96.793973
546,1416 Pelican Drive,33.191097,-96.879527
547,6262 Rainbow Valley Place,33.128685,-96.788098
548,10908 Spring Lake Road,33.115748,-96.784182
549,1191 Pasatiempo Drive,33.13817,-96.901026
550,554 Quarter Horse Lane,29.417188,-81.355409
551,7025 Pecan Chase Lane,33.136968,-96.867223
552,6974 Irongate Place,33.137017,-96.868566
553,3918 Fairbanks Drive,33.146336,-96.856347
554,1 Pasture Place,33.154872,-96.821736
555,5413 Braemar Drive,33.097348,-96.841333
556,1747 Garrison Drive,33.154525,-96.87561
557,1112 Resaca Drive,33.156661,-96.882969
558,5210 Golfside Drive,33.121258,-96.769687
559,2397 Mackinac DR,33.190411,-96.869839
560,10627 Buccaneer Point,33.123619,-96.928897
561,8201 Bells Street,33.14684,-96.785554
562,5434 Travis Drive,33.096969,-96.841005
563,11292 Berkeley Hall Lane,33.172357,-96.853557
564,3304 Hartford Lane,33.168463,-96.861835
565,7684 Traveller Street,33.141882,-96.851934
566,7 Riva Ridge,33.100103,-96.831709
567,13033 Galaxy Drive,33.186108,-96.796219
568,4220 Armistice Drive,33.113757,-96.85231
569,7326 Sprangletop ST,33.178156,-96.820408
570,16008 Royston Street,33.160051,-96.920322
571,3713 Wrexham Street,33.158543,-96.918389
572,7692 Fossil Ridge Drive,33.143941,-96.818696
573,11394 Lenox Lane,33.17189,-96.855601
574,15618 Brookwood Drive,33.136474,-96.737758
575,4138 Honor Drive,33.109794,-96.853259
576,8300 Christie Drive,33.152311,-96.811487
577,2503 Windgate Lane,33.154481,-96.868791
578,15115 Blakehill Drive,33.126102,-96.743716
579,9661 Needles,33.146336,-96.856347
580,11341 Lenox Lane,33.171208,-96.856273
581,2171 Prospect Drive,33.136035,-96.872964
582,5900 Chamberlyne Drive,33.126688,-96.835654
583,8502 Holly Street,33.1459,-96.812089
584,12700 Skeeter Drive,33.142147,-96.916231
585,8272 Haltered Horse LN,33.147379,-96.884647
586,863 Gladewater Drive,33.158434,-96.884633
587,2865 Reynolds Lane,33.18103,-96.864324
588,1066 Bayfield Drive,33.186234,-96.882643
589,10985 Pike Lake Drive,33.168334,-96.757793
590,2226 Bristlegrass Road,33.146336,-96.856347
591,15699 Thorn Apple Road,33.146336,-96.856347
592,13334 Ignatius Drive,33.135092,-96.762318
593,14205 Red Wood Circle N,33.214071,-96.751696
594,14191 Berryfield Lane,33.157645,-96.753499
595,6728 Firenze Lane,33.127648,-96.826083
596,8833 Beartooth Drive,33.152017,-96.876851
597,7357 Rustling Oaks Road,33.139884,-96.91804
598,3568 Baldcypress Drive,33.159644,-96.858166
599,10894 Panorama Drive,33.16736,-96.752745
600,6570 Stallion Ranch Road,33.133964,-96.876688
601,15643 Cherry Blossom,33.019843,-96.698886
602,15375 Viburnum Road,33.150476,-96.74235
603,5085 Normandy Drive,33.111369,-96.843664
604,662 Pendle Forest Drive,33.152207,-96.886333
605,9993 Wyndbrook Drive,33.149821,-96.793912
606,8125 Sedum Carpet,33.144224,-96.740119
607,15753 Shasta Daisy Road,33.143504,-96.738391
608,1217 Roma Drive,33.120727,-96.902409
609,5029 Brandywine Lane,33.120284,-96.837804
610,8070 Rock Brook Street,33.142153,-96.808971
611,4339 Bal Harbour Lane,33.170862,-96.850761
612,3148 Fish Hook Lane,33.146336,-96.856347
613,8747 Anacua Road,33.149252,-96.742451
614,8747 Anacua RD,33.149252,-96.742451
615,13258 Secretariat Boulevard,33.164887,-96.762912
616,13335 Chittamwood Lane,33.181213,-96.759614
617,1549 Courtland Drive,33.111156,-96.871708
618,2208 Sturgis Drive,33.195518,-96.871815
619,9610 Beckett Drive,33.204972,-96.797339
620,5410 Keswick Drive,33.09977,-96.840598
621,9790 Staffordshire Road,33.205756,-96.79563
622,11550 Henderson Drive,33.178694,-96.778569
623,7039 Maumee Valley Court,33.138842,-96.905328
624,6027 Rivendell Drive,33.127618,-96.791192
625,2114 Lariat Trail,33.13306,-96.923168
626,14981 Foxbriar Lane,33.167817,-96.745264
627,11412 Sadie Street,33.141261,-96.932805
628,1170 Shortgrass Lane,33.146336,-96.856347
629,5074 Statesman Lane,33.120962,-96.884785
630,6249 Aylworth DR,33.129838,-96.750081
631,7312 Panicum Drive,33.180379,-96.820123
632,15643 Carnoustie Lane,33.207215,-96.796957
633,8024 Splitbeard Road,33.142311,-96.736339
634,3148 Fish Hook LN,33.146336,-96.856347
635,16619 Nightshade Road,33.146336,-96.856347
636,14813 Speargrass Drive,33.146336,-96.856347
637,7832 Buffaloberry Road,33.140686,-96.739301
638,7824 Buffaloberry Road,33.140686,-96.739481
639,2933 Shenandoah Drive,33.103566,-96.834357
640,8711 6th Street,33.149243,-96.823235
641,1224 Crockett Drive,33.161005,-96.881587
642,15752 Foliage Road,33.140358,-96.738642
643,7606 Traveller Street,33.141548,-96.852126
644,4189 Hazelwood Avenue,32.776671,-97.009389
645,12605 Waterslide Way,33.145207,-96.917115
646,1181 Ducks Landing,33.184604,-96.881466
647,4400 Ballymena Drive,33.115703,-96.850574
648,15696 Carnoustie Lane,33.207277,-96.795997
649,2544 Horsetail,33.146336,-96.856347
650,15680 Custer Trail,33.167359,-96.737382
651,2887 Montreaux Drive,33.103333,-96.839176
652,13230 Sellaronda Way,33.129165,-96.763264
653,9188 Williams Place,33.151948,-96.81636
654,9723 Stratton Drive,33.206115,-96.796358
655,3975 Marble Hill Road,33.012135,-96.534936
656,5209 Madison Drive,33.12166,-96.797131
657,13274 Parnell Place,33.131775,-96.763261
658,4901 Buena Vista Drive,33.1191,-96.836963
659,10710 Manuel Street,33.166947,-96.762904
660,11092 Snyder Drive,33.177392,-96.783443
661,2452 Horsetail,33.146336,-96.856347
662,15831 Terenwood Street,33.139817,-96.738342
663,7527 Perennial Street,33.139578,-96.739445
664,2408 Horsetail Road,33.146336,-96.856347
665,5502 Monterey Drive,33.124225,-96.836464
666,3766 Ladera Heights Boulevard,33.146336,-96.856347
667,3794 Marble Hill Road,33.012135,-96.534936
668,6199 Stockwell Drive,33.146336,-96.856347
669,5663 Edmonton Avenue,33.146336,-96.856347
670,2396 Courtland Drive,33.112488,-96.870199
671,6329 Paragon Drive,33.131817,-96.920501
672,12025 Blake Place,33.153414,-96.9288
673,12045 Blake Place,33.152878,-96.929289
674,5979 Rivendell Drive,33.127371,-96.791199
675,8598 Kincaid Lane,33.146336,-96.856347
676,3569 Midwick Drive,33.146336,-96.856347
677,2481 Haft River Road,33.146336,-96.856347
678,12310 Harvest Meadow Drive,33.019843,-96.698886
679,1434 Gray Fox Lane,29.140881,-81.237706
680,6179 Blythe Drive,33.129015,-96.789356
681,5243 Spicewood Lane,33.122293,-96.830564
682,11205 Knoxville Lane,33.126491,-96.781156
683,7700 Jennifer,33.146336,-96.856347
684,12556 Littlefield Drive,33.181758,-96.772592
685,7340 Goose Creek Drive,33.146336,-96.856347
686,5395 Statesman Lane,33.123621,-96.886309
687,2250 Lead Plumb Drive,33.146336,-96.856347
688,13734 Gabriel,33.146336,-96.856347
689,6275 Chamberlyne Drive,33.125335,-96.832249
690,5931 Rivendell Drive,33.127162,-96.791199
691,4250 Pebble Creek Court,33.176182,-96.850731
692,7211 Walnut Street,33.15172,-96.820944
693,14756 Speargrass Drive,33.146336,-96.856347
694,15196 Spider Lily Road,33.151711,-96.743939
695,3772 Hamilton Heights Avenue,32.664953,-97.024692
696,5687 Edmonton Avenue,33.146336,-96.856347
697,12616 Joplin Drive,33.144257,-96.916631
698,9754 Staffordshire Road,33.205759,-96.796003
699,15127 Springwood Drive,33.135165,-96.742283
700,11808 Kurth Drive,33.141144,-96.928714
701,1573 Prince William Lane,33.08808,-96.853869
702,6225 Blythe Drive,33.129226,-96.789143
703,3735 Starling Drive,33.110219,-96.876084
704,7881 Kings Ridge Road,33.144386,-96.792992
705,6205 Montgomery Drive,33.129697,-96.782824
706,8528 6th Street,33.146657,-96.823536
707,4115 Kearsage Drive,33.112318,-96.814749
708,7236 Joshua Road,33.17673,-96.821672
709,5847 Rivendell Drive,33.126845,-96.791198
710,5963 Rivendell Drive,33.127301,-96.791198
711,6253 Blythe Drive,33.12933,-96.789037
712,7295 Zachery Drive,33.175358,-96.821484
713,7269 Zachery Drive,33.175389,-96.821655
714,7208 Joshua Road,33.176783,-96.821947
715,7242 Pecan Street,33.148323,-96.821608
716,15601 Carnoustie Lane,33.206781,-96.797391
717,7300 Joshua Road,33.176622,-96.821085
718,2877 Nightwind Court,33.12441,-96.865389
719,11947 Cape Royal Lane,33.176843,-96.867003
720,628 Sahallee Drive,33.154129,-96.885148
721,7411 Joshua Road,33.175892,-96.819892
722,8462 Gerbera Daisy Road,33.146936,-96.745794
723,2268 Lead Plumb Drive,33.146336,-96.856347
724,2148 Lead Plumb Drive,33.146336,-96.856347
725,8478 Gerbera Daisy Road,33.147115,-96.745793
726,7073 Goose Creek Road,33.138312,-96.878043
727,7160 Tailwater Trail,33.146336,-96.856347
728,6008 Briarwood Lane,33.106275,-96.834966
729,13129 Secretariat Blvd,33.164401,-96.76404
730,1167 Echols Drive,33.135791,-96.88143
731,12035 Blake Place,33.153155,-96.929039
732,1640 Chambord Avenue,33.146336,-96.856347
733,1700 Hidalgo Lane,29.808689,-90.85928
734,3232 Tuscan Oaks,32.885259,-96.942108
735,12438 Harvest Meadow Drive,33.019843,-96.698886
736,12349 Farmstead Drive,33.141438,-96.588295
737,3336 Tuscan Oaks Drive,33.207966,-96.730695
738,3328 Santa Bella,33.003477,-96.670215
739,3315 Midwick Drive,33.146336,-96.856347
740,6616 Bluffview Drive,33.133763,-96.818682
741,2311 Lilac,33.146336,-96.856347
742,5345 Monterey Drive,33.122369,-96.835872
743,5 Stonebriar Way,33.093748,-96.831259
744,3709 Mckinley Drive,33.046945,-96.718098
745,6017 Pinto Court,33.056808,-96.70119
746,4672 Perthshire Court,33.097321,-96.787447
747,934 Windy Meadow Drive,33.055405,-96.712074
748,6512 Texana Way,33.062633,-96.68443
749,3425 Brunchberry Lane,33.061351,-96.760401
750,3700 Straw Harvest Drive,33.036117,-96.765034
751,1400 Kittery Drive,33.01812,-96.787063
752,3705 Longbow Lane,33.064371,-96.76598
753,2224 Dampton Drive,33.076467,-96.73856
754,1809 Sandpiper Lane,33.013444,-96.728137
755,5032 Silver Lake Drive,33.043618,-96.797274
756,6817 Amaretto Court,33.069803,-96.841148
757,2104 Willow Bend Drive,33.029722,-96.812502
758,1605 Tampico Drive,33.03642,-96.726874
759,5 Eastvale Place,33.021275,-96.66702
760,1128 Gannon Drive,33.080185,-96.713942
761,3025 Bonsai Drive,33.042618,-96.858749
762,2905 Newport Circle,33.037494,-96.725698
763,1133 Nickerson Lane,33.008569,-96.62169
764,7616 Capella Court,33.081034,-96.738156
765,4121 Midnight Drive,33.031331,-96.7738
766,7801 Slater Trail,33.082746,-96.709448
767,3809 Solarium Place,33.027561,-96.766341
768,3408 Porter Creek Drive,33.109252,-96.760141
769,7536 Crested Butte Drive,33.080802,-96.725889
770,3817 Graphic Place,33.034881,-96.766805
771,1804 Tampico Drive,33.035905,-96.729065
772,6420 Hermosa Drive,33.060123,-96.793337
773,1800 Switzerland Avenue,33.08319,-96.730144
774,3704 Aransas Drive,33.105091,-96.76599
775,1417 Callaway Drive,33.021901,-96.721195
776,2808 Mollimar Drive,33.022263,-96.748552
777,3552 Bender Trail,33.031977,-96.76172
778,1705 Tawakoni Lane,33.026137,-96.725491
779,2320 Cimmaron Drive,33.098303,-96.736222
780,9705 Royal Lytham Drive,33.109754,-96.743491
781,4441 Bentley Drive,33.046172,-96.780098
782,3613 Slickrock Drive,33.045716,-96.659007
783,1908 Uplands Drive,33.072613,-96.730847
784,2917 Falling Brook Drive,33.070125,-96.749529
785,6404 Dunmoor Drive,33.051096,-96.839841
786,3608 Danbury Lane,33.065436,-96.660713
787,1412 Alberti Avenue,33.005515,-96.718744
788,6509 Hillswick Drive,33.046636,-96.84263
789,1809 Triple Crown Lane,33.025376,-96.823563
790,3053 Greenhill Drive,33.041392,-96.845039
791,5909 Fairchild Court,33.03065,-96.820882
792,1709 ANGLEBLUFF Lane,33.02394,-96.810274
793,5321 Inverrary Drive,33.031329,-96.80705
794,1700 Amelia Court,33.024035,-96.764837
795,2005 Meadowcreek DR,33.026739,-96.671346
796,4024 Angelina Drive,33.029661,-96.649559
797,820 Simon Drive,33.078734,-96.706271
798,1308 Lufkin Drive,33.017278,-96.778747
799,6203 Rainier Road,33.057933,-96.719117
800,4025 Mesa Drive,33.034596,-96.650188
801,6716 Darton Drive,33.068477,-96.725309
802,8304 Tavaros Drive,33.090768,-96.772054
803,1505 Baffin Bay Drive,33.034015,-96.723951
804,6821 Thorncliff Trail,33.068584,-96.752425
805,4324 Palmdale Drive,33.083271,-96.777262
806,1508 Croston Drive,33.02851,-96.72343
807,1601 Glenwick Drive,33.017228,-96.723746
808,3536 Stroll Road,33.111514,-96.757513
809,3932 Carrizo Drive,33.035887,-96.652834
810,2305 Newcastle Circle,33.030255,-96.7587
811,3629 Big Horn Trail,33.037417,-96.763896
812,5781 Lois LN,33.079177,-96.820554
813,9213 Fairwood Court,33.104638,-96.740955
814,3609 Banks Circle,33.094727,-96.761886
815,2437 Fieldlark Drive,33.047745,-96.679568
816,4705 Bayview Drive,33.039904,-96.790268
817,4201 Tidworth Drive,33.0407,-96.774712
818,2300 Belmont Place,29.995199,-90.169035
819,3300 Edwards Drive,33.102146,-96.755874
820,6841 Flicker Lane,33.067104,-96.662671
821,4204 Warminster Drive,33.036886,-96.775333
822,3236 Caravan Drive,33.078914,-96.754924
823,1505 Parliament Lane,33.020051,-96.791711
824,5908 Sandhills Circle,33.04817,-96.823622
825,5600 Saint Peter Drive,33.055199,-96.813037
826,5505 Grasmere Drive,33.02528,-96.808165
827,5809 ROSWELL Drive,33.036113,-96.820249
828,2912 meadows Drive,33.019096,-96.674376
829,12 Eastcreek Place,33.022706,-96.666598
830,2005 Meadowcreek Drive,33.026739,-96.671346
831,3928 Villa Downs Drive,33.049934,-96.713683
832,7133 Goldenrod Drive,33.074204,-96.73987
833,3621 Worthington Way,33.064108,-96.764866
834,7112 Van Gogh Drive,33.042508,-96.855609
835,4000 Bandera Drive,33.026162,-96.653005
836,2800 Winterplace Circle,33.034887,-96.749363
837,7317 Ryan Drive,33.076847,-96.749826
838,3721 Atrium Drive,33.029233,-96.76527
839,6008 Sargent Drive,33.007243,-96.61648
840,3001 Charring Cross,33.075231,-96.750598
841,6728 Alcove Lane,33.064344,-96.785988
842,5057 TRAIL LAKE Drive,33.046148,-96.79835
843,5613 Risborough Drive,33.054737,-96.813656
844,7812 Secluded Avenue,33.083252,-96.828597
845,5008 Bellaire Drive,33.039997,-96.795811
846,3817 Ranch Estates Drive,33.04081,-96.657085
847,1627 Hawthorne Lane,33.033264,-96.690873
848,791 Antoine Drive,33.046326,-96.709285
849,4432 Bentley Drive,33.045545,-96.779797
850,3836 Santiago Drive,33.047966,-96.750775
851,3300 Canoncita Lane,33.041377,-96.758997
852,5837 Pathfinder Trail,33.026622,-96.822481
853,3312 Emily Drive,33.043428,-96.787887
854,1620 Farmstead Street,33.031979,-96.727938
855,6609 Indian Trail,39.499214,-86.60389
856,933 Shenandoah Drive,33.047915,-96.713803
857,736 Warwick Drive,33.048631,-96.70407
858,3407 San Mateo Drive,33.043651,-96.767898
859,9909 Monastery Drive,33.114031,-96.750417
860,4024 Hedgerow Drive,33.066046,-96.771813
861,7104 Dalewood Drive,33.070701,-96.667465
862,3416 Brunchberry Lane,33.06091,-96.75993
863,3412 Flat Creek Drive,33.109852,-96.760653
864,4649 Home Place,33.078996,-96.79017
865,2600 Chamberlain Drive,33.05222,-96.743554
866,7400 Hamner Lane,33.078592,-96.774904
867,1920 Jubilee Road,33.027683,-96.82399
868,6612 Shady Point Drive,33.065331,-96.854221
869,2621 Boedeker Drive,33.017834,-96.679142
870,6721 Norway Court,33.06733,-96.712386
871,1526 W Spring Creek Parkway,33.055503,-96.722246
872,2008 Midcrest Drive,33.011851,-96.731566
873,4200 Warminster Drive,33.036882,-96.775088
874,3709 Randa DR,33.020568,-96.661195
875,3803 Silverstone Drive,33.045833,-96.740421
876,7216 Mediterranean Drive,33.04534,-96.857778
877,7901 Mulchin S Way,33.084789,-96.785252
878,2701 Prestonwood Drive,33.037939,-96.852575
879,3425 Melanie LN,33.066031,-96.76007
880,3401 Twin Lakes Way,33.043013,-96.80302
881,2625 Ezekial Way,33.015612,-96.678874
882,2108 Overglen Drive,33.026485,-96.685522
883,1313 Berkeley Court,33.070716,-96.715573
884,1302 Nest Place,33.017782,-96.771759
885,6500 Wickliff Trail,33.063272,-96.731396
886,4140 Aldenham Drive,33.095083,-96.775084
887,6713 Osage Trail,33.067977,-96.731311
888,3933 Carrizo Drive,33.036353,-96.652703
889,4416 Boston Drive,33.025316,-96.780383
890,3104 Charring Cross,33.074734,-96.751421
891,4617 Portrait Lane,33.0798,-96.788453
892,3701 TrilogyDrive,33.056756,-96.730831
893,4716 Rabbit Trail,33.005268,-96.646248
894,7901 Windrose Avenue,33.084904,-96.826356
895,2613 Tilden Drive,33.016333,-96.679208
896,1447 Vanderbilt Drive,33.050362,-96.721006
897,908 Harvest Glen Drive,33.051318,-96.710702
898,2424 Majestic Drive,33.035351,-96.680706
899,6532 Ute Court,33.062399,-96.718606
900,9004 Azinger Drive,33.101536,-96.742342
901,6800 Hickory Creek,33.068859,-96.713539
902,3932 Capricorn Court,33.063552,-96.770127
903,3924 Windford Drive,33.075519,-96.769796
904,2408 Windsor Place,33.020607,-96.740255
905,4616 Ringgold Lane,33.030523,-96.786979
906,3117 Aurora Drive,33.040123,-96.792782
907,4733 Durham Drive,33.040613,-96.791017
908,3581 Stroll Road,33.111405,-96.759489
909,5000 Castle Creek Court,33.036871,-96.795102
